{
  "train_accuracy": 0.7703497369235531,
  "train_f1_macro": 0.2525644157460997,
  "train_f1_weighted": 0.7224645200478891,
  "train_f1_micro": 0.7703497369235531,
  "train_loss": 0.7248589760251046,
  "val_accuracy": 0.674937965260546,
  "val_f1_macro": 0.13192558000363339,
  "val_f1_weighted": 0.6162379777156223,
  "val_f1_micro": 0.674937965260546,
  "val_loss": 0.893036646445488,
  "test_accuracy": 0.6336633663366337,
  "test_f1_macro": 0.19341406684807944,
  "test_f1_weighted": 0.57605757006216,
  "test_f1_micro": 0.6336633663366337,
  "test_loss": 1.0545756478030333,
  "n_classes": 12,
  "n_train_samples": 3231,
  "n_val_samples": 403,
  "n_test_samples": 404,
  "train_aspect_accuracy": 0.832559579077685,
  "train_sentiment_accuracy": 0.89322191272052,
  "train_aspect_f1_macro": 0.4804654061270564,
  "train_sentiment_f1_macro": 0.5038957535900531,
  "val_aspect_accuracy": 0.7295285359801489,
  "val_sentiment_accuracy": 0.9032258064516129,
  "val_aspect_f1_macro": 0.33979977166944764,
  "val_sentiment_f1_macro": 0.35669936587367773,
  "test_aspect_accuracy": 0.7128712871287128,
  "test_sentiment_accuracy": 0.8787128712871287,
  "test_aspect_f1_macro": 0.351142912566796,
  "test_sentiment_f1_macro": 0.42276422764227645
}